shortcode,edge_media_to_comment,taken_at_timestamp,popular_hashtags,mean_no_of_likes,mean_no_of_comments,followers,following,posts,Predicted Likes,Real Time
BzR_2dtHimt,196,1561784542,0,145558.0222,820.1777778,16900000,34,3472,91738.71882154873,91469
By_RN71lFBE,10,1561156113,2,847.3389831000001,17.61016949,229000,1437,2176,636.5283320306239,626
BuCQWCglj8a,37,1550518901,0,910.0136986,38.60273973,97900,450,2522,1121.826412798622,781
BwTBNlPhBom,47,1555376360,0,1231.851852,35.7037037,104000,416,1282,1388.980176146384,1835
BfEIH04h8-a,32,1518369444,3,38139.40741,215.80246910000002,405000,1,154,9103.330912999032,8591
BzDo5KdA-G_,208,1561302744,0,11750.42424,131.8787879,97800,15,1269,14794.595868165785,20763
Bu32Rxdj4r9,87,1552317173,0,1695.557692,91.44230769,100000,1397,1558,1731.4306508537754,1553
BxINK-Gnq4g,18,1557161015,1,8873.935252,19.20863309,162000,810,1164,8919.013933845476,8090
BtfQtQqnJOI,88,1549344686,0,7137.75,159.875,385000,54,288,7182.772674382712,3866
BtdsdPBBlJA,84,1549292126,0,1695.557692,91.44230769,100000,1397,1558,2035.3995525493012,2044
BstnvjFH9NX,19,1547679041,0,847.3389831000001,17.61016949,229000,1437,2176,935.6865866402097,1112
BSdP2s7ALCa,36,1491295071,0,14070.36066,98.63114754,351000,8,372,4477.215978581597,5501
Bv0ji_KBEVs,4,1554354173,0,3888.510638,8.255319149,372000,15,2611,2179.6425326278672,2456
BaobngMDJNz,20,1508850206,0,13780.715909999999,70.625,144000,25,149,4231.235560405638,5235
Byb8x42l1cD,6575,1559970993,0,2195490.222,10989.38889,149000000,289,4363,1209759.171166766,1841342
BpWyFIaHrO5,812,1540470258,5,74380.85345,897.4137931,498000,434,492,74509.30925749557,77945
BrQ0ZvGHm6j,710,1544565116,0,14535.140630000002,281.5625,554000,538,2268,23350.771005291033,35598
BxJc7PaAKJ5,77,1557202829,0,7404.478992,48.57983193,410000,983,3337,8589.130064734654,12260
BjepZ1uDLb3,85,1527849243,0,13780.715909999999,70.625,144000,25,149,14186.502415464167,10599
BtEcuFunzeP,229,1548445014,0,14535.140630000002,281.5625,554000,538,2268,12569.850152116409,11543
ByF8c-0l1q4,41,1559232624,0,910.0136986,38.60273973,97900,450,2522,975.2788811728394,780
By0ZzixlhMS,27,1560791517,0,910.0136986,38.60273973,97900,450,2522,954.0572524250439,831
Bywp3Otnroi,8,1560665718,1,7404.478992,48.57983193,410000,983,3337,5722.780944664901,6252
BtbkDHCnjHB,217,1549220608,1,14535.140630000002,281.5625,554000,538,2268,12915.45073897707,13471
BsjKaxlBYB4,2,1547328123,6,797.5463917999999,5.639175258,24100,47,5919,646.210195767196,394
BzTNhsIh9_2,75,1561825267,0,13780.715909999999,70.625,144000,25,149,23766.399580507426,20253
BuGrCJfh18L,18,1550667111,1,8301.492647,33.51470588,230000,4,2791,9407.918513007071,9164
BxUz0FenZTC,4,1557583927,0,11049.19608,202.4313725,296000,12,2095,8686.147507375332,5050
ByzynDhH-nK,38,1560770967,0,7404.478992,48.57983193,410000,983,3337,8643.324649250428,6803
BrV8pgMhltD,6,1544737212,6,797.5463917999999,5.639175258,24100,47,5919,1085.7409618606694,1131
Bwc5VvAlJl-,140,1555707776,0,14122.81395,232.627907,497000,280,2961,12120.41473919754,11601
BuWxLVbju91,14772,1551207203,0,2871370.3,23575.7,113000000,199,3107,2667463.48871154,1323780
BQrm-4CAfM8,56,1487481992,0,14070.36066,98.63114754,351000,8,372,5394.055409712193,3581
BzZnyHJoMVh,1101,1562040359,0,142113.7921,432.5742574,32200000,84,11000,268590.6027699216,287543
By2h1yqgipg,429,1560862839,0,142113.7921,432.5742574,32200000,84,11000,167951.82872643106,164421
Bskp43ChL4u,74,1547378176,0,38139.40741,215.80246910000002,405000,1,154,26573.95696979718,43461
BsSXdk4nSs8,107,1546764536,0,15006.362319999998,84.01449275,523000,200,1174,22136.76640917103,18616
BoXF_UclAlN,275,1538333213,0,14535.140630000002,281.5625,554000,538,2268,15947.387740520282,12871
BwkGsGThOUY,19,1555949656,1,8301.492647,33.51470588,230000,4,2791,9569.911274453953,6625
Bjho2EyBp9h,1026,1527949613,0,74380.85345,897.4137931,498000,434,492,85495.31880577606,73183
BzS-EyYBMbZ,74,1561817166,0,29860.216780000002,158.5524476,2300000,252,4444,19004.676043650816,18653
ByF3YxcHgs7,239,1559229968,0,21807.82292,571.4895832999999,592000,2,1295,21937.708602292776,46675
BrNxbe6lbZS,338,1544462894,0,5610.870588000001,303.90588239999994,161000,477,413,7083.321386684309,5384
BrX_uTgluym,274,1544805933,0,5610.870588000001,303.90588239999994,161000,477,413,5085.881988536159,5986
BUYwiT8AbBe,20,1495439401,0,13780.715909999999,70.625,144000,25,149,3383.038930335097,3425
BxRJkufnOa9,8819,1557461118,0,2195490.222,10989.38889,149000000,289,4363,2210797.45556812,2583720
Bveg4RSlG4Z,266,1553614577,0,5610.870588000001,303.90588239999994,161000,477,413,4805.492529160649,4797
BvedB2Lg5iL,296,1553612559,1,44377.269660000005,238.73033709999999,380000,95,935,58611.67669042999,59639
Bmn0hGelZL4,88,1534599510,0,4137.395349,85.95348837,151000,673,877,4436.87083597883,3948
ByNmdLnltTD,27,1559489527,0,910.0136986,38.60273973,97900,450,2522,916.0691677689596,1018
BxXmN14H7pn,497,1557677462,0,21807.82292,571.4895832999999,592000,2,1295,24837.43763734569,12603
BouGiS7ANMp,7232,1539105251,0,1146559.423,8885.615385,24800000,0,328,1136878.1702890205,805635
BxC8S3CHRoW,2737,1556984394,1,21807.82292,571.4895832999999,592000,2,1295,30467.130081108706,19092
Bxz4EmyJRcj,78,1558626347,0,12089.07576,246.2727273,523000,367,2926,7231.646096721181,8223
BzVqQc9nz_y,393,1561907439,0,145558.0222,820.1777778,16900000,34,3472,130185.0762012787,112791
ByiJSsnnWaI,18,1560178880,0,7404.478992,48.57983193,410000,983,3337,8747.322260361558,5835
BzjzIuVH7Co,14,1562381856,1,8873.935252,19.20863309,162000,810,1164,8068.432539401949,6106
BunEnFrnOjM,14,1551754263,0,847.3389831000001,17.61016949,229000,1437,2176,702.1589149631236,564
BjIPWlFDbap,55,1527097387,0,13780.715909999999,70.625,144000,25,149,11424.60846242184,32538
BzDU-vZHauh,20,1561292304,0,7404.478992,48.57983193,410000,983,3337,5897.752391093477,4869
BxkWZL9BimZ,10,1558105374,1,8301.492647,33.51470588,230000,4,2791,6623.224725529102,6519
BuHbtYOh5me,5,1550692631,6,797.5463917999999,5.639175258,24100,47,5919,654.4041646023727,800
Bu82K_jA_iN,87,1552484890,1,44377.269660000005,238.73033709999999,380000,95,935,28194.672211419762,33830
BxYiMBGHwPZ,148,1557708904,0,19895.5493,156.4084507,1200000,378,5853,21054.90620053709,27311
Bzfwnh6Hspr,11,1562246318,0,7404.478992,48.57983193,410000,983,3337,5962.934735449736,5073
BwR3rDKHilt,57,1555337804,0,21807.82292,571.4895832999999,592000,2,1295,19648.507248336537,15333
BpyJO4LgzUQ,46,1541388366,0,15462.40426,124.04255320000001,102000,272,582,12698.540089947093,16974
ByeuK5in93o,95,1560063997,0,7404.478992,48.57983193,410000,983,3337,9612.693592712834,11593
BwpaDnpnXnK,69267,1556127583,0,5052432.556,74034.33333,140000000,126,6002,5881569.751073332,3478762
BzLl1jZB55S,5816,1561569577,0,177892.3871,6920.725806,13800000,2,11400,191291.8763686067,132575
ByvBOBWn4Tt,756,1560610855,0,11049.19608,202.4313725,296000,12,2095,19471.789792107575,14471
BzH5Qv5nHmy,71,1561445543,4,7404.478992,48.57983193,410000,983,3337,8891.141476410949,8985
BsYCjzxl5CB,385,1546954903,3,5610.870588000001,303.90588239999994,161000,477,413,6742.033701872191,5173
ByTxjhHB73G,58,1559696672,0,1231.851852,35.7037037,104000,416,1282,1444.661485970819,1468
BwuI7_en8wc,61,1556286379,0,11049.19608,202.4313725,296000,12,2095,9794.045666887116,8522
Bg0dG2ljPF8,41,1522138542,0,13780.715909999999,70.625,144000,25,149,6106.882180555563,5920
Bs5XbKjHglV,1675,1548073139,1,74380.85345,897.4137931,498000,434,492,112494.2283410896,115052
BwhINtcgyUt,75,1555849793,0,15462.40426,124.04255320000001,102000,272,582,15440.983871693124,17218
BtlgsQlHQXy,47,1549554393,0,15006.362319999998,84.01449275,523000,200,1174,10027.114358245151,8295
BzLcdE-AJba,96,1561564658,0,11750.42424,131.8787879,97800,15,1269,12164.826244929447,9662
Bvm3RnWgkP4,30819,1553894755,0,5592920.857000001,42311.285710000004,175000000,437,2590,3682806.0925566563,5253675
Buj7RXKBSQ_,5,1551648703,6,797.5463917999999,5.639175258,24100,47,5919,493.5019651675491,551
BwWrBXVHVAO,86,1555498943,0,21807.82292,571.4895832999999,592000,2,1295,18796.170500440887,26074
Bp1__sGB07c,87,1541517741,0,1695.557692,91.44230769,100000,1397,1558,1366.474026835817,1368
BtBMRkincDo,1752,1548335729,1,74380.85345,897.4137931,498000,434,492,113466.42915325897,122179
BtyDlyCB32Z,1331,1549975343,0,74380.85345,897.4137931,498000,434,492,93223.24283090825,87993
BxW7RLDnT9p,70,1557654945,1,21807.82292,571.4895832999999,592000,2,1295,18832.62435315455,33363
ByaNR_chzlA,484,1559912535,5,74380.85345,897.4137931,498000,434,492,52127.111305555554,50541
BuV6RQXhFF5,12,1551178416,1,3888.510638,8.255319149,372000,15,2611,4397.0443574234405,4745
ByX_iyunQCH,5,1559838224,1,8873.935252,19.20863309,162000,810,1164,5799.629179152642,5537
BxPcDScgaLF,40,1557403697,0,15462.40426,124.04255320000001,102000,272,582,10205.32371835417,12338
BugTL0cA0_i,175,1551527023,0,44377.269660000005,238.73033709999999,380000,95,935,37308.745133157005,34669
BmgZvfFFUG-,127,1534350591,0,4554.302326,104.51162790000001,215000,880,1909,4432.483590929134,4981
BxrsnyRFzua,14,1558351909,1,8873.935252,19.20863309,162000,810,1164,6907.282390873018,6939
BxUuxHbHxfW,73,1557581282,0,19895.5493,156.4084507,1200000,378,5853,10192.078745811279,10047
Bw9bTyNhrGE,12,1556799328,1,8301.492647,33.51470588,230000,4,2791,6287.262954348124,5588
Bun4eytgiyU,653,1551781458,0,1948637.9230000002,8231.641026000001,51300000,28,162,1167301.3565925932,997804
Bk1dTYGglVS,109,1530762134,0,14070.36066,98.63114754,351000,8,372,18917.60048809523,18025
BrU-3DzHUzf,10,1544704817,0,847.3389831000001,17.61016949,229000,1437,2176,515.5378097643098,446
BxSk6-MlL9N,25,1557509011,0,910.0136986,38.60273973,97900,450,2522,822.2055312049063,734
BoFddJTFwEv,93,1537741536,0,4554.302326,104.51162790000001,215000,880,1909,4150.668484567902,4383
BxKsOvsHkH3,59,1557244407,0,19895.5493,156.4084507,1200000,378,5853,9414.531805335095,7524
BycfDDZAyNz,310,1559988959,0,23445.71429,107.2857143,312000,421,7597,32673.85590365962,32195
Bq4GS5LljNt,32,1543735637,0,1199.944444,11.33333333,16700,67,436,2282.698627204587,3562
BwrAVLKF__9,611,1556181204,0,38139.40741,215.80246910000002,405000,1,154,80418.6909638449,80981
ByvEy31hePf,11,1560612729,1,8301.492647,33.51470588,230000,4,2791,6578.5091626984085,7510
BuJS5XyApG6,275,1550755120,0,44377.269660000005,238.73033709999999,380000,95,935,50579.57809042814,46011
Bf2MkmZnwIH,157,1520049498,0,14070.36066,98.63114754,351000,8,372,21287.783268518517,20188
BzGS3IpicnB,556,1561391856,0,5610.870588000001,303.90588239999994,161000,477,413,8744.667835758373,8522
ByNcfBNFVo9,521,1559484299,0,38139.40741,215.80246910000002,405000,1,154,92387.9508095238,82044
BywshMYAhLg,111,1560667110,0,44377.269660000005,238.73033709999999,380000,95,935,29218.376962962975,52588
BxrSoZpIkix,14577,1558338282,0,5592920.857000001,42311.285710000004,175000000,437,2590,3467673.6814922886,3456838
BzdQDwCBzdR,385,1562162139,0,29860.216780000002,158.5524476,2300000,252,4444,57502.42616183658,65290
BzWEoKynA-l,2129,1561921264,0,142113.7921,432.5742574,32200000,84,11000,290452.1488743986,412422
BzfoD1UndeV,11,1562241831,1,8873.935252,19.20863309,162000,810,1164,6957.628219135797,9900
By33k0AhhZ6,100,1560907788,0,29860.216780000002,158.5524476,2300000,252,4444,20688.70061916786,24715
Byo56N5nsLk,99,1560405696,0,7404.478992,48.57983193,410000,983,3337,9816.480062510018,11082
BwRPwffh1RI,5,1555316877,1,3888.510638,8.255319149,372000,15,2611,2588.4027314814816,3411
BzaA-I8HV4B,250,1562053565,0,11049.19608,202.4313725,296000,12,2095,13301.368311948849,19932
BuBndcQgzDz,159,1550497465,0,44377.269660000005,238.73033709999999,380000,95,935,37622.173973545025,39688
BuBlJayFC2I,463,1550496253,0,53035.26667,803.4,2100000,382,1392,52658.43376711569,42402
BxuFj5bg8jY,68,1558432093,0,11750.42424,131.8787879,97800,15,1269,11593.496369448472,13721
BziLEbYly6b,297,1562327295,0,38139.40741,215.80246910000002,405000,1,154,67807.65729938266,78962
BxNUBkCnWXr,685,1557332380,0,33113.2973,232.70270269999997,7300000,2030,7219,63978.720563311654,86285
Br6Ayw-hMJ8,3,1545947344,6,797.5463917999999,5.639175258,24100,47,5919,785.1031371252205,588
BvzsSTdBbmQ,240,1554325201,0,14122.81395,232.627907,497000,280,2961,14426.275340608472,13665
BxQHPZzn9tY,45,1557426341,0,3162.857143,374.6714286,266000,702,3295,2453.0021682098763,2600
BzFZoNahNYz,8,1561361849,0,3888.510638,8.255319149,372000,15,2611,4775.526492945326,4860
BxbPiWMnQYL,67,1557799789,0,19895.5493,156.4084507,1200000,378,5853,9860.20502535273,8545
ByK9WWsCKsx,91,1559400866,0,4137.395349,85.95348837,151000,673,877,4369.5640760582,4971
BqpclmqhDxJ,88,1543244008,0,1695.557692,91.44230769,100000,1397,1558,1432.7595718093617,1456
BwHlGD4h_bT,20,1554992519,1,8301.492647,33.51470588,230000,4,2791,10769.627364417995,9486
BvizpCRBcVe,5,1553758632,1,3888.510638,8.255319149,372000,15,2611,2376.0726199294563,2612
By0m8VrpVLu,607,1560798405,0,142113.7921,432.5742574,32200000,84,11000,173385.24869520578,222448
Bw9ObRAHkA2,1667,1556792574,0,21807.82292,571.4895832999999,592000,2,1295,23494.126917328056,24398
BzDD-aZh2cX,30,1561283388,1,8301.492647,33.51470588,230000,4,2791,10846.977978976278,5735
BsoCkDkn4b7,21,1547491776,0,847.3389831000001,17.61016949,229000,1437,2176,887.1987716049368,1048
BpfiXcBnXZ7,116,1540764009,0,4554.302326,104.51162790000001,215000,880,1909,4328.780174683342,6413
By8KhAdiQEq,48,1561051936,1,3162.857143,374.6714286,266000,702,3295,2219.268568342152,3069
BSe_0y1hL_v,49,1491353776,1,12723.64151,96.37735849,255000,510,390,5635.612280082567,4803
BU9T2PCgK0B,269,1496665874,0,14070.36066,98.63114754,351000,8,372,12865.331354858103,9317
ByqTkfsirZI,68,1560452704,0,4137.395349,85.95348837,151000,673,877,4085.676789682539,3009
Bycj8LzC46S,52,1559991524,0,3162.857143,374.6714286,266000,702,3295,3427.4707444885394,4123
BxfnuiACXSo,100,1557946689,0,3162.857143,374.6714286,266000,702,3295,2596.148527176529,2902
BX2CCv_hv-a,10,1502864109,0,12723.64151,96.37735849,255000,510,390,4308.476125220463,3724
BcFBmfJj0ez,34,1511957129,0,13780.715909999999,70.625,144000,25,149,4904.36167107584,7710
BTspDIGAGIK,16,1493959080,0,14070.36066,98.63114754,351000,8,372,4023.7276880511404,3103
BwpLYCchCUf,178,1556119886,0,12089.07576,246.2727273,523000,367,2926,11059.609062089135,13255
By8wenBHYjr,88,1561071840,0,19895.5493,156.4084507,1200000,378,5853,15430.466982904432,16294
ByFp3mtn-DU,112,1559222881,0,19895.5493,156.4084507,1200000,378,5853,15229.930968274,14180
BxvWdcWngEC,342,1558474507,0,51538.2381,371.6666667,1100000,28,3745,55097.76612786598,53726
BzhMV-lnF6Q,12,1562294408,1,8873.935252,19.20863309,162000,810,1164,6768.703539241617,8596
Bx_1ArDA66n,144,1559027395,0,44377.269660000005,238.73033709999999,380000,95,935,35996.87946450621,29099
BysWU5xF4tQ,44,1560521258,0,910.0136986,38.60273973,97900,450,2522,1056.350080026456,791
BqZ5x2UHERg,265,1542722441,0,14535.140630000002,281.5625,554000,538,2268,15211.460601190476,12971
Boom8zdlvsy,139,1538920919,0,4554.302326,104.51162790000001,215000,880,1909,4564.834922719253,4529
BzG8YmnHsXH,173,1561413626,0,142113.7921,432.5742574,32200000,84,11000,82734.43222851532,83002
BwlgOMmHrG9,125,1555996597,0,15006.362319999998,84.01449275,523000,200,1174,24049.577675865796,17830
BwQ4ZsihZcM,1318,1555304631,0,74380.85345,897.4137931,498000,434,492,84104.89413205467,94452
BvEwvcdBpUR,165,1552750478,0,12089.07576,246.2727273,523000,367,2926,12004.914667207788,14654
BlNbqsSBSR-,239,1531566583,1,12723.64151,96.37735849,255000,510,390,31837.388671296267,47679
BgPwoK7A9br,50978,1520907263,0,5096210.235,54708.0,153000000,61,1498,5642407.984374566,3051481
BysVzshhFeL,102,1560520986,0,1695.557692,91.44230769,100000,1397,1558,1746.49673324515,1909
BrNZDOFnLtE,1344,1544450113,3,74380.85345,897.4137931,498000,434,492,95838.37839179487,90921
Bv9AyvoBl_B,800,1554637942,1,74380.85345,897.4137931,498000,434,492,68070.4061223746,67596
ByYGNvMhxpx,152,1559841722,0,29860.216780000002,158.5524476,2300000,252,4444,25359.94887870772,32671
BqLp6atlriO,309,1542244361,0,14070.36066,98.63114754,351000,8,372,26539.010149450856,41182
BvULr6dhn-j,30,1553267922,1,8301.492647,33.51470588,230000,4,2791,12097.997705687816,10272
BzV3DmFnGHu,482,1561914149,0,145558.0222,820.1777778,16900000,34,3472,150394.1129126983,136363
BvR6mUBHIzS,7135,1553191854,1,443644.5,3271.2,57700000,89,1410,609292.2850562162,898668
BzIFRiih3a4,28,1561451841,1,8301.492647,33.51470588,230000,4,2791,8618.658475749564,7039
BxqnT28HWIL,44,1558315570,0,19895.5493,156.4084507,1200000,378,5853,10324.401010662183,9368
Bqn0ZHznO1h,1119,1543189380,1,443644.5,3271.2,57700000,89,1410,232540.75021626972,256189
Bq5IYIElrbh,363,1543770282,0,5610.870588000001,303.90588239999994,161000,477,413,7417.793788019077,6292
Bw1-lqrpp-y,3,1556549389,0,3467.3076920000003,12.5,100000,23,446,2598.290501984126,2175
BjrLIjYh_eH,978,1528269580,0,38139.40741,215.80246910000002,405000,1,154,73560.29126821781,81928
BnpSeV4llgO,372,1536796254,1,14535.140630000002,281.5625,554000,538,2268,20981.159030042498,24848
Brvhmq_n-3C,125,1545595448,0,14535.140630000002,281.5625,554000,538,2268,8166.677599206356,7542
Bv6jYJiFtrh,306,1554555411,0,53035.26667,803.4,2100000,382,1392,40269.58663692483,34256
BdQPXS4H3_8,1048,1514480927,0,167480.1724,1239.413793,4100000,737,543,189972.40646737203,131802
BseFOhchrYC,428,1547157629,0,14122.81395,232.627907,497000,280,2961,20502.61629872134,19718
BrWtPhLlL1O,50,1544762689,0,14070.36066,98.63114754,351000,8,372,14423.317695953703,15159
BjCsKwdAT9j,7873,1526911168,0,1146559.423,8885.615385,24800000,0,328,1329261.6952544097,1036464
BvJIdjghQ1Y,16,1552897132,1,3888.510638,8.255319149,372000,15,2611,4008.667505070552,4899
BzT8FDtnUgO,801,1561849674,0,145558.0222,820.1777778,16900000,34,3472,184499.23288646367,123612
BzdaB4OAyCI,78,1562167366,0,11750.42424,131.8787879,97800,15,1269,10139.76112411816,12461
By5RDhLhnll,120,1560954701,0,29860.216780000002,158.5524476,2300000,252,4444,27218.137578162587,27386
ByLInwCnAdt,8,1559406776,1,8873.935252,19.20863309,162000,810,1164,6957.956945326278,6243
BvmO_xfBcVh,22,1553873637,1,8301.492647,33.51470588,230000,4,2791,9908.418115961184,9564
Bwg6cLPnunM,28,1555842571,0,21807.82292,571.4895832999999,592000,2,1295,11781.909586419753,9346
BzkjhCuA3vW,30,1562407221,0,142113.7921,432.5742574,32200000,84,11000,45306.98860427694,7942
ByVUn3Klwk0,88,1559748612,0,910.0136986,38.60273973,97900,450,2522,1578.3379883758228,1767
BabEb_5BlJK,238,1508401846,0,12723.64151,96.37735849,255000,510,390,25761.46427402998,16627
BiuFwBRBPe9,776,1526219937,0,74380.85345,897.4137931,498000,434,492,64359.61725076159,75612
BrrIEujAYvU,41,1545447845,0,15462.40426,124.04255320000001,102000,272,582,9662.659959435618,8705
BorjAhRnoTk,1146,1539019516,0,167480.1724,1239.413793,4100000,737,543,165199.87061838628,180782
BvYkdhVFPky,777,1553415129,0,53035.26667,803.4,2100000,382,1392,72813.67041798942,90347
BzBlVzHn7X7,6943,1561233772,0,1236380.8329999999,21022.94444,104000000,1307,5957,1148396.4186189678,1065431
BnPogp7lDp4,78,1535935392,0,4137.395349,85.95348837,151000,673,877,4233.126017636676,4404
ByOYY3iljoV,18211,1559515706,0,2195490.222,10989.38889,149000000,289,4363,3539598.003425931,3983211
BwrjwuVp1wo,11,1556199780,0,3467.3076920000003,12.5,100000,23,446,3350.020002384952,2602
BuT2z_nADFe,63,1551109494,0,15462.40426,124.04255320000001,102000,272,582,10408.315074294522,9025
ByDTRhDn9Qb,313,1559143925,0,19895.5493,156.4084507,1200000,378,5853,35395.38046450621,37199
Bx5JGOKhAIh,210,1558803046,0,2408.0740739999997,98.25925926,178000,2997,4908,4126.832772466733,4957
Bx970CsFIfP,15,1558963853,0,847.3389831000001,17.61016949,229000,1437,2176,707.731364417989,1107
By5icSSlbnD,3169,1560963817,0,2195490.222,10989.38889,149000000,289,4363,925002.8152825072,884458
BtomBQel3LB,42,1549657849,0,910.0136986,38.60273973,97900,450,2522,1081.8718515311853,968
Bt6i9xmHSCH,201,1550260228,0,14535.140630000002,281.5625,554000,538,2268,12109.18333972662,10653
Bdd3cRNAzQC,84913,1514938146,0,5096210.235,54708.0,153000000,61,1498,6050662.283049821,5639159
BzLZRQLAXv8,185,1561562988,0,14535.140630000002,281.5625,554000,538,2268,10389.322045855379,9770
BqFouQeHzZ6,38,1542042411,0,847.3389831000001,17.61016949,229000,1437,2176,1503.353464265672,1807
Bx6rqAApExO,254,1558854719,0,12089.07576,246.2727273,523000,367,2926,13472.704868245946,18959
ByX-e35FdG2,25,1559837668,0,910.0136986,38.60273973,97900,450,2522,919.7972841710755,990
BxMVUIGAAwq,146,1557299502,0,15462.40426,124.04255320000001,102000,272,582,21851.761063492024,17954
BkadIRmnMwY,160,1529856073,0,4554.302326,104.51162790000001,215000,880,1909,4643.089997013791,7802
BzI4CI4ALj8,191,1561478454,0,14535.140630000002,281.5625,554000,538,2268,10428.992503306874,9508
BzXD0dGo-33,247,1561954395,1,142113.7921,432.5742574,32200000,84,11000,101873.28784904601,109933
Bwyeg3jHTI5,136,1556431909,0,11049.19608,202.4313725,296000,12,2095,9855.019831369244,14339
ByNWie0A87-,57,1559481182,1,44377.269660000005,238.73033709999999,380000,95,935,23948.02996737216,20973
BgTho_yhvsm,495,1521033623,0,74380.85345,897.4137931,498000,434,492,49606.143694885366,43489
BzaHsWYAb40,281,1562057089,3,44377.269660000005,238.73033709999999,380000,95,935,54846.6843281225,54429
Bw_fP6Mnut8,205,1556868502,0,21807.82292,571.4895832999999,592000,2,1295,21016.161457671962,29571
BtYfAwfhZoy,887,1549117304,0,74380.85345,897.4137931,498000,434,492,82185.03855731919,91846
BtfKRCtl1SK,79,1549341309,0,2408.0740739999997,98.25925926,178000,2997,4908,2214.847337962964,1781
ByW5w_1iwQH,67,1559801640,0,3162.857143,374.6714286,266000,702,3295,2744.1717579966353,2503
BrdEG9an-Cf,85,1544976004,0,4554.302326,104.51162790000001,215000,880,1909,4842.138514991175,3734
Bvmnbknl_4S,61,1553886448,0,4137.395349,85.95348837,151000,673,877,3671.7396812169322,4131
Btc_fdRlS-r,64,1549268551,0,14070.36066,98.63114754,351000,8,372,17346.83446737211,19203
BxwbJKInGwV,34,1558510517,0,15006.362319999998,84.01449275,523000,200,1174,7534.4181295093795,10571
Brft4d1FmKq,341,1545065014,0,5610.870588000001,303.90588239999994,161000,477,413,6669.7117843915385,5673
BwUdv57HH5b,91,1555424875,0,11049.19608,202.4313725,296000,12,2095,9360.780557319222,12261
BwMzcJOhtrK,153,1555167812,0,12089.07576,246.2727273,523000,367,2926,12277.94095899471,10782
BlPX9lfB28e,300,1531631749,0,38139.40741,215.80246910000002,405000,1,154,50756.98531106703,37665
Byak7M-F1Qk,29,1559924932,0,910.0136986,38.60273973,97900,450,2522,924.4923470017638,1038
BvPYO1dlXZS,52,1553106727,0,4137.395349,85.95348837,151000,673,877,3399.0309647266313,2720
Bijycqvntda,861,1525874273,0,74380.85345,897.4137931,498000,434,492,68715.32052104367,69620
By-kkZIhbIx,668,1561132704,0,29860.216780000002,158.5524476,2300000,252,4444,67174.90369360274,79783
By__JTvldmr,159,1561180193,0,14680.0,82.0,898000,3,1604,34349.53343628748,25651
BxuiYQsnhlo,84,1558447202,0,4554.302326,104.51162790000001,215000,880,1909,5260.602234868526,5707
BxPLnGFnmbu,295,1557395077,0,15006.362319999998,84.01449275,523000,200,1174,39060.30737985012,25093
By8xZejBqTN,11729,1561072322,0,177892.3871,6920.725806,13800000,2,11400,213606.2376988535,168376
Bw010v3pmPw,1,1556511240,0,3467.3076920000003,12.5,100000,23,446,2581.9463772045833,2987
Bv_aybbF5Iz,5,1554718680,0,14680.0,82.0,898000,3,1604,6982.291930375177,3709
BrS-wzHnDxs,12,1544637657,0,847.3389831000001,17.61016949,229000,1437,2176,555.1775595438511,484
Bx6ySrOijky,140,1558858198,0,3162.857143,374.6714286,266000,702,3295,3002.084837622258,4641
BmYhsddBE6w,53,1534086325,0,14070.36066,98.63114754,351000,8,372,13829.434957451489,11248
Buk0Y94Hy9z,192,1551678650,0,15006.362319999998,84.01449275,523000,200,1174,34786.45953681663,29769
BxXUXo4gfAU,475,1557668105,0,44377.269660000005,238.73033709999999,380000,95,935,60963.392676366784,63559
BzCHxXYn8Da,499,1561251824,0,145558.0222,820.1777778,16900000,34,3472,134492.61120009611,137242
BjmuVw0Byhn,867,1528120266,0,74380.85345,897.4137931,498000,434,492,69142.2863127103,61280
Bs5vAqAlilI,235,1548085505,0,5610.870588000001,303.90588239999994,161000,477,413,4384.518343253965,4900
Bw2cystlKlk,62,1556565225,0,910.0136986,38.60273973,97900,450,2522,933.0880717692789,1038
BzEPy_ahx_4,42,1561323141,0,29860.216780000002,158.5524476,2300000,252,4444,13448.669742945323,14797
Bx42qQrnhLD,160,1558793379,0,21807.82292,571.4895832999999,592000,2,1295,19878.595846039752,18430
BvJ9lXlnBdI,56,1552924984,0,4554.302326,104.51162790000001,215000,880,1909,4335.487432980605,5349
BxmBLMdnWtk,24,1558161358,1,7404.478992,48.57983193,410000,983,3337,7815.889699074072,8203
BxFT_tcB9e5,588,1557063929,2,74380.85345,897.4137931,498000,434,492,55642.747514550196,59892
Btl8PbHBkH3,18,1549568836,6,797.5463917999999,5.639175258,24100,47,5919,1713.351780162738,1661
BheD9v8Bffa,155,1523534647,1,38139.40741,215.80246910000002,405000,1,154,42945.682723103986,18156
Byz_oCTpU2v,789,1560777791,0,142113.7921,432.5742574,32200000,84,11000,207228.25491043393,265847
Bvogad1FFHp,156,1553949877,0,14070.36066,98.63114754,351000,8,372,29832.084585537905,25270
Bq85Ax3lUJn,104,1543896445,0,14070.36066,98.63114754,351000,8,372,21810.75629010339,21196
BzTKgkaHmL3,9,1561823685,1,8873.935252,19.20863309,162000,810,1164,8380.041362433862,5181
ByXvdrVBdeS,21,1559829794,1,8301.492647,33.51470588,230000,4,2791,8639.477273609109,10077
BmvtuAOBvzn,92,1534864381,0,14070.36066,98.63114754,351000,8,372,17654.46267438272,17009
BseM7N1nHYU,269,1547161665,0,14535.140630000002,281.5625,554000,538,2268,15989.968163800688,13408
BnjHrtcHhH7,347,1536589270,0,8572.0,388.6666667,271000,225,116,9860.13962698413,7097
ByL3tMUhL0N,88,1559431462,0,29860.216780000002,158.5524476,2300000,252,4444,17542.53989594357,15405
ByN5h08AsYF,347,1559499526,0,14535.140630000002,281.5625,554000,538,2268,14795.0518987895,16513
BtyzRAoHhXC,2790,1550000338,0,443644.5,3271.2,57700000,89,1410,347084.5977211195,272475
ByGC1qfCRtq,184,1559235972,1,3162.857143,374.6714286,266000,702,3295,3291.0916714165483,2430
BbUTsL_Dyax,47,1510322445,0,13780.715909999999,70.625,144000,25,149,10299.02209347443,6700
BzBDhtYg5VG,241,1561216044,0,11750.42424,131.8787879,97800,15,1269,15957.045350969996,8523
BwrYJEqBShH,13,1556193688,1,8301.492647,33.51470588,230000,4,2791,6290.057775115324,6037
BrT8XDQg3jG,67,1544669952,1,15462.40426,124.04255320000001,102000,272,582,11797.73905405861,10484
Bwbz-OuHiqB,44,1555671408,0,21807.82292,571.4895832999999,592000,2,1295,16021.795170193995,14759
BwrJCLCp8tz,4,1556185767,0,3467.3076920000003,12.5,100000,23,446,2791.4123503086416,3398
BuCcvIwno-T,93,1550525398,0,847.3389831000001,17.61016949,229000,1437,2176,1924.093649551068,771
ByF7MgRI8ZL,614,1559231965,0,376508.625,1569.8125,16900000,976,12800,328158.4215875223,106417
By0OhlSgXQe,50,1560785603,0,11750.42424,131.8787879,97800,15,1269,11359.551100970017,11911
Bzbi0aTls-z,281,1562104866,0,142113.7921,432.5742574,32200000,84,11000,138403.63770687042,136400
ByIjbWhhit3,157,1559320167,0,29860.216780000002,158.5524476,2300000,252,4444,29385.85984235211,31452
BvaCzkAFnFL,43,1553464592,0,910.0136986,38.60273973,97900,450,2522,872.7470991061402,1122
Bt8tmz0lDiN,8816,1550332916,0,1146559.423,8885.615385,24800000,0,328,1383348.8029055442,1028819
BzkW4NNnXN6,271,1562400595,0,145558.0222,820.1777778,16900000,34,3472,105776.58070679013,65005
BujoXGWBodQ,645,1551638788,0,167480.1724,1239.413793,4100000,737,543,110044.49510301446,110104
BwUoGdJhXHZ,79,1555430303,0,12089.07576,246.2727273,523000,367,2926,7949.426923941803,6444
ByVmhvXAWsq,71,1559758000,0,3162.857143,374.6714286,266000,702,3295,2596.6843212682406,1458
BzZmU7eAr0m,36,1562039596,0,11750.42424,131.8787879,97800,15,1269,9402.748618386247,8082
BXvpAnDBWDG,57,1502649658,0,12723.64151,96.37735849,255000,510,390,9317.243386022928,8710
Byjw0lpgz5V,109,1560233159,0,23445.71429,107.2857143,312000,421,7597,22472.15323045936,25312
Bt_RYFQBNYh,1353,1550418778,0,74380.85345,897.4137931,498000,434,492,92896.88748214282,102608
ByFy8ceJJFx,552,1559227639,0,53035.26667,803.4,2100000,382,1392,66229.28614470101,51473
BzDm4aGIFxa,863,1561301689,0,376508.625,1569.8125,16900000,976,12800,332393.64184104936,268376
Bu0_gm6F2ys,610,1552221350,0,53035.26667,803.4,2100000,382,1392,56986.711651675425,62114
Btjb1SBnbO4,382,1549484736,0,14535.140630000002,281.5625,554000,538,2268,20179.953562449886,19147
BuF3af6gMZm,212,1550640048,0,15462.40426,124.04255320000001,102000,272,582,25229.864845899465,14749
BdLgJgAgh5a,17,1514321954,0,1818.3793100000003,49.17241379,67800,85,873,1005.5876261022923,908
BtAKWSQlBpD,73,1548301164,0,14070.36066,98.63114754,351000,8,372,17933.313745811272,20406
BwUgRL5nDIo,107,1555426196,0,21807.82292,571.4895832999999,592000,2,1295,19077.373104938284,23069
Bny-IerlAB_,459,1537121134,0,14535.140630000002,281.5625,554000,538,2268,21230.086304894194,18855
BrONXt7hnNa,3,1544477544,6,797.5463917999999,5.639175258,24100,47,5919,770.1928600088185,792
Btt7yuYnVNE,4,1549837037,0,847.3389831000001,17.61016949,229000,1437,2176,652.6677595398422,653
BzilO40H2TQ,15,1562341012,1,8873.935252,19.20863309,162000,810,1164,8394.005429232791,6720
BW2PoTQhMif,147,1500723749,0,12723.64151,96.37735849,255000,510,390,13508.349083994712,14117
Bny9O3RhRQl,207,1537120662,0,14070.36066,98.63114754,351000,8,372,23903.985605800102,27303
BV1vkdkAr1Y,50,1498559456,0,13780.715909999999,70.625,144000,25,149,11806.242709435619,1728
BxDGBQ_h8cf,14,1556989493,1,8301.492647,33.51470588,230000,4,2791,7181.439635344587,5573
BzDhkIsjxUA,15,1561298902,1,8873.935252,19.20863309,162000,810,1164,8457.985571548814,8157
BncTiEKF6lH,81,1536360602,0,4137.395349,85.95348837,151000,673,877,4261.179301366834,4057
BzQNGz8nRfw,259,1561724383,0,7404.478992,48.57983193,410000,983,3337,10488.26024691358,9832
By6MhhUlXfR,5861,1560985880,0,2195490.222,10989.38889,149000000,289,4363,1179305.504463182,1344454
BvBkk5hA5T3,13,1552643437,1,8301.492647,33.51470588,230000,4,2791,5962.323096961679,6524
BxXy4gXF81a,5,1557684103,0,910.0136986,38.60273973,97900,450,2522,421.45337558120934,427
BziNDMugO93,27,1562328333,0,11750.42424,131.8787879,97800,15,1269,7825.565827300782,6902
BwzxErWHh4A,262,1556475194,0,3162.857143,374.6714286,266000,702,3295,4502.670162037046,5930
BxOd9z7Ahbq,37,1557371146,0,7404.478992,48.57983193,410000,983,3337,7041.768057679975,6145
BxEmAbSA22D,38,1557039818,0,7404.478992,48.57983193,410000,983,3337,7018.761315616482,10744
BqXnhzdn4vu,327,1542645764,0,14535.140630000002,281.5625,554000,538,2268,14753.831610890677,15163
BxuzOlIpmPF,664,1558456035,0,53035.26667,803.4,2100000,382,1392,72313.17965436097,65503
BxjGYDPnvhq,31,1558063421,1,8873.935252,19.20863309,162000,810,1164,11350.176999338628,12425
BwKVG8XHjLv,403,1555084801,0,11049.19608,202.4313725,296000,12,2095,15891.87156663861,18548
BxEtM98nX44,98,1557043590,0,11049.19608,202.4313725,296000,12,2095,8647.40207098765,10380
BxXTsB7Hxyg,115,1557667748,0,19895.5493,156.4084507,1200000,378,5853,11716.863248456772,18561
ByYHqDnCn9j,2364,1559842478,0,3162.857143,374.6714286,266000,702,3295,5106.846556216932,3066
BuwRM0CAV_x,608,1552062853,0,15462.40426,124.04255320000001,102000,272,582,42402.00360405639,33892
BzgJXhSheBx,195,1562259294,0,29860.216780000002,158.5524476,2300000,252,4444,36818.18225032068,33348
BxGCkOZH8jG,6117,1557088345,0,2195490.222,10989.38889,149000000,289,4363,1451874.4291833213,1405956
ByvqYZKFvy9,337,1560632435,0,14122.81395,232.627907,497000,280,2961,16228.882154982373,11984
BzfuhYkjHfu,523,1562245219,0,142113.7921,432.5742574,32200000,84,11000,157533.99887544126,153637
Br1FlrLBtnq,1,1545782087,6,797.5463917999999,5.639175258,24100,47,5919,628.9679993386243,607
Bxkts_uhdaF,7,1558117595,1,3888.510638,8.255319149,372000,15,2611,3799.1467914462096,4701
BvH-Tduh_c7,1,1552858252,6,797.5463917999999,5.639175258,24100,47,5919,346.07761904761924,331
BXLlL9rg2Jh,80,1501439694,0,14070.36066,98.63114754,351000,8,372,10815.218952020206,10320
ByOkX47FRmA,9,1559521989,0,847.3389831000001,17.61016949,229000,1437,2176,643.156752665545,880
BfL8LUwB3Mf,30,1518631617,0,13780.715909999999,70.625,144000,25,149,5518.24609567902,6672
Buman2vhUrv,7,1551732249,6,797.5463917999999,5.639175258,24100,47,5919,620.3247268518518,708
Bgfa1OFhyXS,711,1521432706,0,12723.64151,96.37735849,255000,510,390,37967.90311712367,42307
BqobRJwA9yc,21,1543209761,0,15462.40426,124.04255320000001,102000,272,582,6162.155283189027,8901
BtRi02uhToT,6,1548884423,6,797.5463917999999,5.639175258,24100,47,5919,912.1121843033499,603
Bve7XDvlh2F,22,1553628461,0,910.0136986,38.60273973,97900,450,2522,879.4010335096995,692
BzPTOaEgqNH,178,1561694037,0,11750.42424,131.8787879,97800,15,1269,12726.0072850529,12429
BrkrDaPlP9O,438,1545231303,0,5610.870588000001,303.90588239999994,161000,477,413,7448.642297992131,7739
BxwXQOkgPK-,183,1558508478,1,44377.269660000005,238.73033709999999,380000,95,935,43214.360262566166,47943
BxgqBT9nBJf,17,1557981446,1,8873.935252,19.20863309,162000,810,1164,7113.238223544972,8041
Bww6eJtnwvG,397,1556379458,0,21807.82292,571.4895832999999,592000,2,1295,23525.299701539225,53842
BmGSSI4HZjY,842,1533474266,0,167480.1724,1239.413793,4100000,737,543,152124.74535295417,168869
BxU9QxuniRo,422,1557588881,1,21807.82292,571.4895832999999,592000,2,1295,22255.09198432737,13432
BxcbD1vH0fl,9,1557839385,1,8873.935252,19.20863309,162000,810,1164,5873.105915343916,7566
BYiV0XRgZcV,40,1504350872,0,13780.715909999999,70.625,144000,25,149,3988.104138387842,2327
Bq-Xx0HFWiy,59,1543946129,0,14070.36066,98.63114754,351000,8,372,15979.166259886688,13634
BW9eUGRgIMY,56,1500966329,0,14070.36066,98.63114754,351000,8,372,9367.432845458545,6365
BuxK-zwBMET,13,1552093147,1,8301.492647,33.51470588,230000,4,2791,6061.977553751808,5076
Byj1BF-CDKm,141,1560235358,1,3162.857143,374.6714286,266000,702,3295,2776.9804253848015,3688
BtxvII4laNM,132,1549964614,0,4137.395349,85.95348837,151000,673,877,4822.57602843915,6055
BxRQgCSnaAj,30,1557464750,0,11049.19608,202.4313725,296000,12,2095,9880.82486287479,13557
By2vmr3h527,87,1560870055,0,1695.557692,91.44230769,100000,1397,1558,1769.0097646705146,1911
Bpo0XPcHHtc,118,1541075435,0,4554.302326,104.51162790000001,215000,880,1909,4678.956590788835,5521
BzOAX1vA9ij,49,1561650598,0,15462.40426,124.04255320000001,102000,272,582,16305.555522607012,17919
ByzHMeTnIVr,10,1560748205,1,8873.935252,19.20863309,162000,810,1164,6977.526346560858,8603
ByiMYaYJ8OD,201,1560180499,0,12089.07576,246.2727273,523000,367,2926,13301.140799021976,11194
Bve6p47BaWN,0,1553628091,6,797.5463917999999,5.639175258,24100,47,5919,336.75656525573174,270
By5kWZvlS81,2341,1560964818,0,2195490.222,10989.38889,149000000,289,4363,929788.4330463961,879802
BsTyDZKhO8H,339,1546812032,0,14122.81395,232.627907,497000,280,2961,17347.32618584655,15650
Bym-sLbnrH7,13,1560341093,1,8873.935252,19.20863309,162000,810,1164,7810.848261904765,7200
BvJ3Q34h3r0,19,1552921670,1,8301.492647,33.51470588,230000,4,2791,8748.81458443563,7589
ByHXgYlndZV,31,1559280362,1,8873.935252,19.20863309,162000,810,1164,11911.86445053711,9932
BwcW0UxhBl1,113,1555689677,0,12089.07576,246.2727273,523000,367,2926,9723.145516313944,10173
BzA7yySBf9I,397,1561211990,0,74380.85345,897.4137931,498000,434,492,43259.065625220435,45828
BxEpvHZgDRE,171,1557041773,1,44377.269660000005,238.73033709999999,380000,95,935,43671.70541005289,52855
BzDrezEpy6x,93,1561304101,0,12089.07576,246.2727273,523000,367,2926,8569.770142456315,9272
BZsTdilhqPZ,13,1506832664,1,38139.40741,215.80246910000002,405000,1,154,5185.262770562773,3549
BW6xW7rA4g8,30,1500875650,0,14070.36066,98.63114754,351000,8,372,4724.118622134039,6604
BwFG5O2HNTY,27,1554909577,0,847.3389831000001,17.61016949,229000,1437,2176,1177.3472178130505,1043
Bxh1WBxJi8N,244,1558020937,0,12089.07576,246.2727273,523000,367,2926,13496.741235088974,14846
Bx2O8M5Bcys,894,1558705446,5,74380.85345,897.4137931,498000,434,492,76267.31243646778,73708
Bypg2VvBLEI,12,1560426111,1,8301.492647,33.51470588,230000,4,2791,6584.183332010579,6828
BzBHIaPJK0s,109,1561217934,0,12089.07576,246.2727273,523000,367,2926,8584.727709916624,15302
BvV4iqDAF8O,246,1553324993,1,44377.269660000005,238.73033709999999,380000,95,935,49811.43813866847,62270
BwCdVzone0X,59,1554820682,0,11049.19608,202.4313725,296000,12,2095,9985.338772927676,11256
BsSwdL_gqeI,208,1546777640,0,15462.40426,124.04255320000001,102000,272,582,27516.01648567021,28841
BxoqvPqC0lx,121,1558250258,0,3162.857143,374.6714286,266000,702,3295,2764.659452641496,7836
BziUxLhHUuQ,1487,1562332380,0,145558.0222,820.1777778,16900000,34,3472,234775.49398593057,177741
BqxRVJxBkMk,73,1543506541,0,1695.557692,91.44230769,100000,1397,1558,1359.540110229278,1419
Bx7J_vrnu20,145,1558870626,0,21807.82292,571.4895832999999,592000,2,1295,20558.50929092513,29796
BtiOfLQAOql,42,1549444185,0,15462.40426,124.04255320000001,102000,272,582,11402.07206060605,10990
BV3mF58AxGc,75,1498621596,0,14070.36066,98.63114754,351000,8,372,10533.47839109346,8791
BgrSyicAC0N,51605,1521831143,0,5096210.235,54708.0,153000000,61,1498,5647577.011358032,1974689
BujboO8lxy2,224,1551632113,0,5610.870588000001,303.90588239999994,161000,477,413,4468.877333994714,4654
BV4jQTxgGjw,48,1498653663,0,14070.36066,98.63114754,351000,8,372,10881.613166666664,5408
BvzMZKgBrIH,1158,1554308480,0,167480.1724,1239.413793,4100000,737,543,142131.52739087315,91232
BvmOn5Lh9z8,19,1553873441,1,8301.492647,33.51470588,230000,4,2791,9207.407270943571,8651
BziNW9unbLA,140,1562328495,0,145558.0222,820.1777778,16900000,34,3472,68786.63405774001,60274
Bv9XLiDhI3_,169,1554649680,0,12089.07576,246.2727273,523000,367,2926,11369.131285854575,11004
BxedfPJH9UG,45,1557907767,0,15006.362319999998,84.01449275,523000,200,1174,10185.437152376939,7569
Bw1eDdNBv8m,44,1556532332,1,8301.492647,33.51470588,230000,4,2791,15154.207410493837,20481
BcZegSYhEHJ,12,1512643371,0,38139.40741,215.80246910000002,405000,1,154,6318.982737934915,6600
Bw86Ld5H-sr,66,1556781958,2,21807.82292,571.4895832999999,592000,2,1295,18587.378626863872,12234
BzOsV_aBpUT,840,1561673652,0,177892.3871,6920.725806,13800000,2,11400,143533.0231862873,82223
BvKmrXll5Ec,45,1552946529,0,910.0136986,38.60273973,97900,450,2522,890.6421308521717,1051
BxuwKoIjOCB,14224,1558454430,0,2871370.3,23575.7,113000000,199,3107,3118155.5936205913,1848354
Bu3-6jQl4-V,286,1552321702,0,5610.870588000001,303.90588239999994,161000,477,413,4899.571447150067,5369
BttSP3rCLK7,6,1549815255,6,797.5463917999999,5.639175258,24100,47,5919,938.9918366402115,767
BcSRbSegej-,36,1512401633,0,1818.3793100000003,49.17241379,67800,85,873,1429.6563432539658,1342
ByuN-bTH45h,20,1560583988,0,7404.478992,48.57983193,410000,983,3337,8005.441238656407,4404
BtzP8hKATk0,2404,1550015375,1,1948637.9230000002,8231.641026000001,51300000,28,162,1187991.3841141986,706245
By-3fYTlXy_,10875,1561142625,0,2195490.222,10989.38889,149000000,289,4363,2060872.1848950605,2224574
BrYMvGXngIe,8,1544812755,0,847.3389831000001,17.61016949,229000,1437,2176,574.2192777978194,580
Bw1eUc-h9QD,13,1556532471,1,8301.492647,33.51470588,230000,4,2791,6330.539234991869,6642
ByGD9jPH1J7,10,1559236561,1,8873.935252,19.20863309,162000,810,1164,6946.856627204588,6671
BZ0JPU-B097,26,1507095741,1,38139.40741,215.80246910000002,405000,1,154,4958.210440315856,5590
BxM0n6thTF7,11,1557315917,1,8301.492647,33.51470588,230000,4,2791,6491.966900793648,5286
BzJrZvShIAb,6088,1561505386,0,177892.3871,6920.725806,13800000,2,11400,208117.27187896823,108326
Bw6dupanuv4,114,1556699933,0,21807.82292,571.4895832999999,592000,2,1295,19112.54156415347,17590
Bsd2HEdh3bg,1,1547149703,6,797.5463917999999,5.639175258,24100,47,5919,624.7892506613758,518
BvPEx3DBl5y,16,1553096528,1,3888.510638,8.255319149,372000,15,2611,3971.333243165789,5028
BjU7o5MllSi,287,1527523259,0,4554.302326,104.51162790000001,215000,880,1909,5830.821473665226,5302
BzL7MLxAYA8,39,1561580772,0,37898.66667,192.66666669999998,3300000,689,5643,13747.116360469763,16120
ByVbd45hUr5,0,1559752201,0,1199.944444,11.33333333,16700,67,436,512.3985875220466,195
BY8rifOAZpT,38,1505234675,0,13780.715909999999,70.625,144000,25,149,4214.424280583613,4115
Br7-rtuFDBs,223,1546013347,0,14070.36066,98.63114754,351000,8,372,25967.413629308972,24962
BuZc4dxBxij,6,1551297226,6,797.5463917999999,5.639175258,24100,47,5919,611.0301860670191,478
BzjnTzPB5v1,99,1562375655,0,29860.216780000002,158.5524476,2300000,252,4444,22325.790791346008,19859
BwcWQJwlVII,276,1555689381,0,5610.870588000001,303.90588239999994,161000,477,413,4543.342839726634,5626
BzBSl7whXhO,9725,1561223943,0,177892.3871,6920.725806,13800000,2,11400,199191.3214192116,201948
BySyzSVit__,362,1559663771,0,5610.870588000001,303.90588239999994,161000,477,413,6836.383257495584,4509
Bx2BbN_naqS,3,1558698360,1,7404.478992,48.57983193,410000,983,3337,4551.056588844797,4032
BxcjhRQhaKT,17,1557843820,1,8301.492647,33.51470588,230000,4,2791,7837.201676807752,5465
Bx5oVyPlwrQ,8523,1558819426,0,2195490.222,10989.38889,149000000,289,4363,1828546.7928613306,2398311
BrtRYQahupi,2,1545519833,6,797.5463917999999,5.639175258,24100,47,5919,620.9079779541444,509
ByUaW4Yg_9E,282,1559718065,2,44377.269660000005,238.73033709999999,380000,95,935,52257.658472743315,42464
BxFNlRFhDP2,22,1557060567,1,8301.492647,33.51470588,230000,4,2791,10395.71088894901,11696
BueRJ4EHmtm,15,1551458849,0,847.3389831000001,17.61016949,229000,1437,2176,703.8514546456629,789
ByK0Xl6hK-i,24,1559396158,1,8301.492647,33.51470588,230000,4,2791,8270.48105705869,7421
BzN-jAxnPul,9,1561649641,1,8873.935252,19.20863309,162000,810,1164,8110.442739638453,6341
Bx2DeOnHyOx,8,1558699433,0,7404.478992,48.57983193,410000,983,3337,5677.771138668428,3747
BtSknWlnKGK,134,1548918915,0,7137.75,159.875,385000,54,288,6820.045273148138,7904
Bua3cbMAyrt,47,1551344706,0,35988.464289999996,682.9642857000001,932000,6,1983,27622.11521935627,39067
BxHSJvdgKwi,114,1557130071,0,44377.269660000005,238.73033709999999,380000,95,935,31141.598705246914,35851
BuoJr2Wnv-s,101,1551790478,0,7137.75,159.875,385000,54,288,6884.829050484991,5458
ByXs0wXnRhk,35,1559828410,0,11049.19608,202.4313725,296000,12,2095,11709.407274250427,6112
By0H1HZBRXK,15,1560782093,1,8301.492647,33.51470588,230000,4,2791,7736.65594664902,6738
ByRjA0vAmpv,64,1559621939,0,11750.42424,131.8787879,97800,15,1269,12889.160361552022,10835
BzNgttdHIoJ,541,1561634000,0,145558.0222,820.1777778,16900000,34,3472,136510.3228655202,126709
BzTLRhGlqI3,209,1561824086,0,142113.7921,432.5742574,32200000,84,11000,114315.77917690796,98464
BQ_CKS6gY91,9,1488133775,0,14070.36066,98.63114754,351000,8,372,2677.5263573633138,2643
BxrpC5ohJdH,559,1558350034,2,74380.85345,897.4137931,498000,434,492,60960.56256467448,52631
By1M-wmh2_h,5042,1560818348,0,177892.3871,6920.725806,13800000,2,11400,211398.9968131683,242863
BwgfE2fnPb_,19,1555828224,0,15006.362319999998,84.01449275,523000,200,1174,4905.052522045858,3743
BzF2ZsunmbC,126,1561376935,0,19895.5493,156.4084507,1200000,378,5853,16757.053341630566,21090
BzUKBrtnli3,1004,1561856986,0,145558.0222,820.1777778,16900000,34,3472,239027.87903898093,167732
Bwd7CNWpL6u,3,1555742219,0,3467.3076920000003,12.5,100000,23,446,2720.7428648589084,3203
BpCXZWGDKTS,73,1539785179,0,1695.557692,91.44230769,100000,1397,1558,1273.8611269841263,1246
BxYHUEsFZOw,100,1557694814,0,14122.81395,232.627907,497000,280,2961,10563.921263167404,7626
Bwmtfj8Jrrq,4,1556037110,0,3467.3076920000003,12.5,100000,23,446,2789.7818141534385,2524
BicEUMmFQ7o,79,1525615205,0,4554.302326,104.51162790000001,215000,880,1909,4529.2966319945435,2686
BuwIhLwhbD3,92,1552058301,0,1695.557692,91.44230769,100000,1397,1558,1767.3228763828743,1524
BzQRdM9nwBb,71,1561726664,0,7404.478992,48.57983193,410000,983,3337,8922.39480886244,6505
BwwyXv_Bdm8,359,1556375211,0,12089.07576,246.2727273,523000,367,2926,18491.79294488536,13214
BuGl-d9h5Wr,1171,1550664459,0,74380.85345,897.4137931,498000,434,492,92914.07731437388,92706
Bw-DebalK93,32,1556820387,0,910.0136986,38.60273973,97900,450,2522,979.4825488215477,922
By7F3JbhDPE,16,1561015942,1,8301.492647,33.51470588,230000,4,2791,7257.0109243827055,5344
BTtnQE4hGtR,96,1493991692,1,12723.64151,96.37735849,255000,510,390,8146.960289562284,7400
BxEoK7XnRWd,33,1557040952,0,15006.362319999998,84.01449275,523000,200,1174,7446.477515211642,5861
By20sKhl0CI,26,1560872721,0,910.0136986,38.60273973,97900,450,2522,956.7479367283947,742
BlE64tzB6hh,243,1531280961,2,38139.40741,215.80246910000002,405000,1,154,47962.63552667557,42287
ByHm-FfnVjj,47,1559288470,0,7404.478992,48.57983193,410000,983,3337,7678.808814814805,6192
Bo_H7csAVLY,24,1539676407,0,15462.40426,124.04255320000001,102000,272,582,6014.161765632518,7675
ByaGKTVnmGJ,12,1559908802,1,8873.935252,19.20863309,162000,810,1164,8329.646218253965,7405
Byz2pN-n-Eh,20,1560773082,0,7404.478992,48.57983193,410000,983,3337,8116.213722342473,7743
BxM0HXhBjyE,15,1557315650,1,8301.492647,33.51470588,230000,4,2791,8763.79649156554,10031
BnvkgItB1Hn,5914,1537007033,0,1146559.423,8885.615385,24800000,0,328,912326.9205396671,769868
BuMQINsFinV,400,1550854332,0,5610.870588000001,303.90588239999994,161000,477,413,6815.724128239039,7754
Bvn6VSbAkVm,557,1553929912,1,44377.269660000005,238.73033709999999,380000,95,935,68679.26210229273,70553
BzDgnHmgwuy,70,1561298402,0,4554.302326,104.51162790000001,215000,880,1909,4807.511309744272,3843
BzF5ZazBrWa,16,1561378506,1,8301.492647,33.51470588,230000,4,2791,7331.403280643726,4616
Bv1sx-HlvFI,239,1554392569,0,5610.870588000001,303.90588239999994,161000,477,413,4708.2367839506205,5190
ByVjvMQnXPh,233,1559756537,0,19895.5493,156.4084507,1200000,378,5853,25710.152396265796,24344
BraSbNsAFQa,33,1544882847,0,15462.40426,124.04255320000001,102000,272,582,9208.221336860663,9023
Bwbilk0gRxD,546,1555662293,4,44377.269660000005,238.73033709999999,380000,95,935,70041.86792085535,61764
Byx7psMBtUJ,45,1560708599,0,29860.216780000002,158.5524476,2300000,252,4444,12136.886967813036,12417
BxG-N4XgZx4,83,1557119620,0,15462.40426,124.04255320000001,102000,272,582,15019.059158068794,17889
BvJ_JrFHizF,461,1552925805,0,7962.9,398.8,390000,92,323,9378.222404982374,9021
Bv08LqmHCmE,246,1554367089,0,15006.362319999998,84.01449275,523000,200,1174,37785.47365530304,33240
Bx__0DHn2MR,126,1559033059,0,19895.5493,156.4084507,1200000,378,5853,15788.125534852492,20987
Bwr8QZ1loeT,44,1556212622,0,910.0136986,38.60273973,97900,450,2522,880.1509218574623,839
Bun4hC-AkKz,1008,1551781476,0,1948637.9230000002,8231.641026000001,51300000,28,162,1157806.9250357146,1248963
BzjmHevHeud,109,1562375030,0,145558.0222,820.1777778,16900000,34,3472,42631.94576234571,42671
BzPTyGtDP1r,360,1561694329,0,142113.7921,432.5742574,32200000,84,11000,140265.36181856244,105468
BzFZzYqBZ79,14,1561361941,0,3888.510638,8.255319149,372000,15,2611,4863.037107142851,6985
Bs2r8_uAts6,49,1547983239,0,15462.40426,124.04255320000001,102000,272,582,12542.89716688712,8319
BsbbIYkhxc7,2,1547068449,6,797.5463917999999,5.639175258,24100,47,5919,626.5468597883595,595
BxBkTGfgIwl,18,1556938259,0,7404.478992,48.57983193,410000,983,3337,8098.853277777787,5305
Bs318wkhpBc,6,1548022034,6,797.5463917999999,5.639175258,24100,47,5919,914.9195465167537,692
BzLNKywH_9E,137,1561556644,0,19895.5493,156.4084507,1200000,378,5853,21681.888525132297,12218
Bxpjy8lnVlE,33,1558280173,1,21807.82292,571.4895832999999,592000,2,1295,13962.53416600527,14241
Bx-LURmpIIl,116,1558971981,0,12089.07576,246.2727273,523000,367,2926,8893.733035213249,8066
BvZdY2FlGu-,353,1553444975,0,53035.26667,803.4,2100000,382,1392,41797.6197391976,44977
Bkp6HnanMSo,93,1530374589,0,4554.302326,104.51162790000001,215000,880,1909,3830.0368403880107,2647
BgD3Ln2B87M,36791,1520508046,0,1948637.9230000002,8231.641026000001,51300000,28,162,4979785.550216932,5558569
ByFnbH3B6kh,29,1559221599,1,8301.492647,33.51470588,230000,4,2791,10395.080962962955,12071
BvCxNZPhkF8,191,1552683615,0,14122.81395,232.627907,497000,280,2961,12744.894205908275,12675
Bxe4aAwHSvQ,29,1557921880,0,15006.362319999998,84.01449275,523000,200,1174,6124.074772146064,10997
BxudCRlntcg,96,1558444400,0,19895.5493,156.4084507,1200000,378,5853,13122.545165564372,9394
Bw1Gd_AAlf8,125,1556519966,0,44377.269660000005,238.73033709999999,380000,95,935,37268.69549250444,31219
BnXl4weFazT,598,1536202453,0,14535.140630000002,281.5625,554000,538,2268,21887.075123677252,33926
BwbiLnSHymO,4369,1555662080,0,21807.82292,571.4895832999999,592000,2,1295,28882.88038480036,36619
BxLWM7qF3tS,13,1557266412,0,910.0136986,38.60273973,97900,450,2522,567.4253897707237,501
BsoSMX0h4aG,1,1547499971,6,797.5463917999999,5.639175258,24100,47,5919,648.2371100088188,308
Bq84g8XFHQ4,36,1543896184,0,14070.36066,98.63114754,351000,8,372,10301.861208333321,14089
BwOffchBNtr,96,1555224462,0,12089.07576,246.2727273,523000,367,2926,9479.904668209885,10169
Bw4kTAvHi-d,17,1556636268,0,11049.19608,202.4313725,296000,12,2095,8539.856622454701,6940
BxePqGQA-B1,147,1557900516,1,7404.478992,48.57983193,410000,983,3337,11409.157311948853,15065
BydpvhRhNFA,116,1560028121,0,29860.216780000002,158.5524476,2300000,252,4444,24041.27730986454,15669
Bzemth_BGSd,124,1562207570,0,29860.216780000002,158.5524476,2300000,252,4444,27580.12152667549,24721
By1PpEthc8d,19,1560819743,0,2408.0740739999997,98.25925926,178000,2997,4908,1311.9264812610234,623
BqZ9Zelnces,2270,1542724339,0,443644.5,3271.2,57700000,89,1410,261597.60851477087,402443
BxDoALJH3_6,367,1557007310,0,14535.140630000002,281.5625,554000,538,2268,18355.541745871415,14774
By1zAVFCpfc,44,1560838283,0,3162.857143,374.6714286,266000,702,3295,2748.933776234573,1207
BzLIRcjnaSK,240,1561554077,0,142113.7921,432.5742574,32200000,84,11000,108762.30188183422,110870
BzF3KPnHQox,17,1561377333,1,8873.935252,19.20863309,162000,810,1164,8567.744729617605,7825
By9nE4hALvu,202,1561100465,0,142113.7921,432.5742574,32200000,84,11000,96851.33651150393,73113
BuxHnd_HZYr,12697,1552091383,0,1236380.8329999999,21022.94444,104000000,1307,5957,1518936.2758021138,1677998
BwY41WPnvbZ,1241,1555573293,0,21807.82292,571.4895832999999,592000,2,1295,23967.279824294514,24184
Byo8nZBiQsB,141,1560407114,2,3162.857143,374.6714286,266000,702,3295,3110.7268334535806,4796
Bx7J8sPH30Z,7,1558870601,0,7404.478992,48.57983193,410000,983,3337,5392.739858686073,4767
BxkR0JhHxba,40,1558102973,1,8873.935252,19.20863309,162000,810,1164,13128.692468915355,12654
Bx5DvP1gP2a,64,1558800236,0,11750.42424,131.8787879,97800,15,1269,11991.590156004502,8804
Bt583pDnex5,618,1550240255,0,7962.9,398.8,390000,92,323,9322.892534612003,10437
BzJa4fwnsX1,351,1561496725,0,145558.0222,820.1777778,16900000,34,3472,123571.212385141,126869
BxNJxyGpitd,154,1557327007,0,12089.07576,246.2727273,523000,367,2926,11668.67511067018,8747
Bw7TS5THHz_,15,1556728018,0,21807.82292,571.4895832999999,592000,2,1295,12927.52858078803,12555
BfofftUgHLD,67,1519589658,0,1818.3793100000003,49.17241379,67800,85,873,2012.3090612874767,1639
By6PRtzJdOv,429,1560987324,0,53035.26667,803.4,2100000,382,1392,48565.976846260295,50532
Bwe3xlJJeli,30,1555774065,0,3467.3076920000003,12.5,100000,23,446,3574.1028794091644,5303
Bxzly0yBinG,20,1558616764,1,8301.492647,33.51470588,230000,4,2791,10071.937494147827,11267
BRIwlwJA7_1,34,1488460107,0,14070.36066,98.63114754,351000,8,372,3531.012446615114,4571
BwhcFh-px6z,1,1555860211,0,3467.3076920000003,12.5,100000,23,446,2669.5281770282168,2560
BgSPYbPBm6t,12502,1520990496,0,1948637.9230000002,8231.641026000001,51300000,28,162,2856073.476366626,2026211
BzSVN7aHsjS,8,1561795745,1,8873.935252,19.20863309,162000,810,1164,8400.006411816577,6923
BxXTfjMHWku,187,1557667645,2,21807.82292,571.4895832999999,592000,2,1295,22275.010250440915,38812
BttofKtnGct,292,1549826915,0,14535.140630000002,281.5625,554000,538,2268,15414.801421737218,15685
BvTTxNfFof7,53,1553238605,0,14070.36066,98.63114754,351000,8,372,16108.507341049362,12875
BvfF9y-HxyO,7,1553634021,0,847.3389831000001,17.61016949,229000,1437,2176,556.5676644620818,436
BWsQZ34gIPC,17,1500388611,0,13780.715909999999,70.625,144000,25,149,3008.9291777096364,3244
BwZNmRAnu44,20,1555584180,2,21807.82292,571.4895832999999,592000,2,1295,11702.861415664587,11393
ByNOXDInDnB,128,1559476894,0,19895.5493,156.4084507,1200000,378,5853,17476.656333493647,25233
Bt7sQxvgZQ3,396,1550298656,0,44377.269660000005,238.73033709999999,380000,95,935,54318.90772180129,67687
ByeyUajgX4w,127,1560066172,2,44377.269660000005,238.73033709999999,380000,95,935,33954.449965167536,33027
BbGy28ghLNr,58,1509869024,0,38139.40741,215.80246910000002,405000,1,154,7950.2694980158785,5402
By5akO4pi3a,3,1560959688,0,3467.3076920000003,12.5,100000,23,446,2119.453229717813,2668
BzGtJsDB5D-,4413,1561405640,0,177892.3871,6920.725806,13800000,2,11400,216641.69243153775,269881
Bsi0Et9BS21,34,1547316408,0,1231.851852,35.7037037,104000,416,1282,1571.2499969135797,1088
BgtsjapAUco,4304,1521911760,0,1146559.423,8885.615385,24800000,0,328,931399.40861993,785334
BuLFmekA10v,3170,1550815258,0,15462.40426,124.04255320000001,102000,272,582,47388.060980439266,18260
BxuDJ92pi4I,828,1558430832,0,53035.26667,803.4,2100000,382,1392,73601.62518494471,75045
Bykwm5FFkAk,25,1560266601,0,910.0136986,38.60273973,97900,450,2522,923.9075480599645,878
BuS5EYQgngg,289,1551077123,0,44377.269660000005,238.73033709999999,380000,95,935,50974.870116582446,51059
BWiKo3xgMmF,36,1500050043,0,13780.715909999999,70.625,144000,25,149,3094.6251056196893,5501
BjfBBtlF2KC,183,1527861628,0,4554.302326,104.51162790000001,215000,880,1909,5456.937544392338,5588
BxVuwFZhcvO,6237,1557614828,0,2195490.222,10989.38889,149000000,289,4363,1401518.744969036,1913202
Byf2QDJiLsM,151,1560101788,0,3162.857143,374.6714286,266000,702,3295,2965.6501222542934,3171
Bzevre4jlqo,336,1562212271,0,142113.7921,432.5742574,32200000,84,11000,132451.63030092575,164498
BxKxceVpqOq,21,1557247141,0,3467.3076920000003,12.5,100000,23,446,3487.235665784827,8596
BUlxevFAYdn,21,1495876104,0,13780.715909999999,70.625,144000,25,149,3474.5466757054664,1566
BrlTEExhxQG,1,1545252280,6,797.5463917999999,5.639175258,24100,47,5919,620.6248944003532,748
BwRKmncg9vW,22,1555314174,0,15462.40426,124.04255320000001,102000,272,582,6842.637355579599,7020
Bl7SJtYDOzc,68,1533105098,0,13780.715909999999,70.625,144000,25,149,15675.303560966819,6144
BzAO1PnHRgZ,9,1561188417,0,7404.478992,48.57983193,410000,983,3337,4276.68582561728,6342
Bs06233gA0M,64,1547923944,0,910.0136986,38.60273973,97900,450,2522,1151.0986377865968,1749
BvrOo3jBk5Q,17,1554041222,1,8301.492647,33.51470588,230000,4,2791,7876.5344094516595,13098
By5-7P7BJBR,107,1560978751,0,29860.216780000002,158.5524476,2300000,252,4444,22969.467775132303,23264
BuJNOr4FjIe,4859,1550752148,0,53035.26667,803.4,2100000,382,1392,79096.57239383912,58165
BvSFCUnFpwf,25477,1553197326,0,4132483.4289999995,27125.285710000004,125000000,228,477,4057054.6165756155,3883117
Bzc9TzEnVYK,378,1562152309,0,145558.0222,820.1777778,16900000,34,3472,120718.13431393306,119787
ByRv3xkClKe,75,1559628681,0,3162.857143,374.6714286,266000,702,3295,2896.502796576882,3918
Bo0ISMXlVTR,124,1539307494,0,4137.395349,85.95348837,151000,673,877,4649.412625440913,3627
Bhl_qPCF9jB,141,1523800825,0,4554.302326,104.51162790000001,215000,880,1909,4737.697651996146,4505
Bw7FUeOJfME,66,1556720690,0,3467.3076920000003,12.5,100000,23,446,3683.6543756613682,6700
ByVsXSxiQvu,1563,1559761060,0,376508.625,1569.8125,16900000,976,12800,428517.9264420193,351792
ByiMm0WnIl-,8,1560180617,1,8873.935252,19.20863309,162000,810,1164,6714.676035934746,5008
BvMXIWVBiPp,14,1553005486,1,8301.492647,33.51470588,230000,4,2791,6682.402407146866,6585
Bxtz1awFVBg,16333,1558422799,0,1146559.423,8885.615385,24800000,0,328,1528517.422053953,1731401
BxIRuYSnuB9,73,1557163402,0,15006.362319999998,84.01449275,523000,200,1174,13486.714206469442,13998
Br77pvWnXwd,78,1546011758,0,847.3389831000001,17.61016949,229000,1437,2176,1980.9871393298063,2806
BpljBcZBmNa,114,1540965680,1,38139.40741,215.80246910000002,405000,1,154,27741.033670194,45161
Byh41KnpUJZ,491,1560170249,0,53035.26667,803.4,2100000,382,1392,51810.675000360796,62949
Bv_z2Y2B5sK,65,1554731820,0,13780.715909999999,70.625,144000,25,149,22780.421265873014,16057
BzKKt_djEHl,642,1561521805,0,142113.7921,432.5742574,32200000,84,11000,161191.35361397697,156390
BVt852SgxeD,31,1498298012,0,13780.715909999999,70.625,144000,25,149,3727.5285440917046,4604
Bwwgiv0gwFp,71,1556365864,0,33113.2973,232.70270269999997,7300000,2030,7219,23221.63397967773,20220
By9lQ0VhXNW,13085,1561099514,0,177892.3871,6920.725806,13800000,2,11400,226414.55327485155,206070
BueSObGFM4s,321,1551459411,0,5610.870588000001,303.90588239999994,161000,477,413,5793.606973925763,6049
BoeM7sjF2Q4,1342,1538571734,5,74380.85345,897.4137931,498000,434,492,94425.46284307356,87512
Bx8E-6ZhPq0,218,1558901552,0,29860.216780000002,158.5524476,2300000,252,4444,44077.621881172854,37829
BydG_p8FQ9g,25,1560009903,0,910.0136986,38.60273973,97900,450,2522,918.3600302028216,1064
BvwQiJ1giQJ,198,1554209987,2,44377.269660000005,238.73033709999999,380000,95,935,40838.920693782995,33474
BxSiW5SDuwF,176,1557507667,0,33113.2973,232.70270269999997,7300000,2030,7219,28372.896369047583,30941
BtgmpaMB8ia,1709,1549389743,0,167480.1724,1239.413793,4100000,737,543,160921.8903605683,139018
Bwv7z_wA3PZ,142,1556346607,0,44377.269660000005,238.73033709999999,380000,95,935,42127.2608824956,43715
Bnd1oqYl4Qh,818,1536412036,4,74380.85345,897.4137931,498000,434,492,73031.41813934674,73142
By5gXhTl7v3,35,1560962730,0,910.0136986,38.60273973,97900,450,2522,1070.4781853856023,892
BxwhrEbnvRf,19,1558513941,1,8873.935252,19.20863309,162000,810,1164,8937.53992095559,7167
BtmLcxyh4xA,261,1549576810,0,14122.81395,232.627907,497000,280,2961,15545.569214987168,14129
Btge-dUlRFg,367,1549385721,0,5610.870588000001,303.90588239999994,161000,477,413,6364.33533575837,6176
Bt0ZK8_l481,50,1550053766,0,2715.25,103.0,255000,62,246,2321.002862213404,2347
Bm-XLHMFnR8,129,1535355878,0,14535.140630000002,281.5625,554000,538,2268,9405.077185626102,10736
Bxb6SqeghtN,315,1557822205,0,15462.40426,124.04255320000001,102000,272,582,31566.230412257515,29047
Bv4TH3-lLwN,108,1554479780,0,2408.0740739999997,98.25925926,178000,2997,4908,2488.377293430337,1491
Bxc66PBhKr6,1392,1557856083,0,167480.1724,1239.413793,4100000,737,543,153117.40833840385,166001
Bg1Y4hcBupi,479,1522169882,1,74380.85345,897.4137931,498000,434,492,48368.76446891542,63662
Bw7BNEDhryh,100,1556718533,0,1695.557692,91.44230769,100000,1397,1558,1652.7293237333656,1622
By6-U5qnBIC,46,1561011991,1,7404.478992,48.57983193,410000,983,3337,9023.763885802458,5239
BQnqRLUAgaE,9,1487349497,0,14070.36066,98.63114754,351000,8,372,2657.6689486331557,2451
BzNHqEPntMf,7,1561620863,0,7404.478992,48.57983193,410000,983,3337,4960.532804232805,4357
BqKMQLElmbH,66,1542195256,0,14070.36066,98.63114754,351000,8,372,16070.249586419759,20398
BwkA_LQnG4w,159,1555946667,1,21807.82292,571.4895832999999,592000,2,1295,25172.13688115276,16595
Bw5h6q9g3RO,28,1556668575,0,1184.133333,112.26666670000002,118000,170,1380,1031.7562312610228,1030
BhiiIKVhVRw,17694,1523684678,0,1948637.9230000002,8231.641026000001,51300000,28,162,3263402.89857143,2028591
Bq_lYFaAW2m,48,1543986813,0,15462.40426,124.04255320000001,102000,272,582,12362.775857329387,15065
BpG3qELA7Ua,8848,1539936311,0,1146559.423,8885.615385,24800000,0,328,1268094.8109221794,1323144
BxJy9nhAR0R,588,1557214383,0,37898.66667,192.66666669999998,3300000,689,5643,57599.79929298938,87362
BjZdxmTDE4K,46,1527675374,0,13780.715909999999,70.625,144000,25,149,11433.739938051143,11847
BMI2GkqDUP8,38,1477725579,0,38139.40741,215.80246910000002,405000,1,154,7019.86619642858,5590
ByqJbUfBrcu,297,1560447386,0,29860.216780000002,158.5524476,2300000,252,4444,53036.51440343917,54332
Bywl7HSHzZX,20,1560663653,1,8873.935252,19.20863309,162000,810,1164,10802.479995590831,10202
BzOMkrPFih7,2117,1561656995,0,2195490.222,10989.38889,149000000,289,4363,958554.039025232,606914
By5plvWlsj-,140,1560967565,0,33113.2973,232.70270269999997,7300000,2030,7219,25097.26825970016,24239
BycjUNpHTvQ,24,1559991197,1,8873.935252,19.20863309,162000,810,1164,10178.766146845423,7321
BzM-75rA3it,285,1561616290,0,11750.42424,131.8787879,97800,15,1269,15624.281545334288,11717
BzkKtvdBCAd,72,1562394218,0,13780.715909999999,70.625,144000,25,149,24179.426702200566,14819
ByYRL6whjDN,189,1559847474,0,29860.216780000002,158.5524476,2300000,252,4444,35177.049528659576,31831
By3iLxPhd5T,4724,1560896573,0,177892.3871,6920.725806,13800000,2,11400,208674.05669300142,159617
BjxCj3OlRGK,86,1528466412,0,4554.302326,104.51162790000001,215000,880,1909,4012.046423941798,4155
Bx72EU0h9Xm,117,1558893732,0,29860.216780000002,158.5524476,2300000,252,4444,25004.214725749538,27986
BhqQJ99hMCM,500,1523943691,0,38139.40741,215.80246910000002,405000,1,154,73028.37268496474,23266
BvHupaUBpS_,294,1552850044,0,167480.1724,1239.413793,4100000,737,543,116141.34088227527,86793
Bw7GJBsHAjZ,188,1556721121,0,19895.5493,156.4084507,1200000,378,5853,24181.10596164021,17780
Bv4FCFDnUG2,23,1554472393,0,11049.19608,202.4313725,296000,12,2095,7579.23380808081,10025
Bya9QMdnYWp,350,1559937687,0,51538.2381,371.6666667,1100000,28,3745,56867.247552248606,70150
BZg69uoAEY0,71,1506450722,0,1818.3793100000003,49.17241379,67800,85,873,1963.5900169753056,1909
BzXYSLFgIhM,384,1561965124,0,142113.7921,432.5742574,32200000,84,11000,129183.666268739,131807
Bzcb32OHc1N,112,1562134778,0,14070.36066,98.63114754,351000,8,372,25846.684031746,15894
ByNqt57HzJt,572,1559491761,0,19895.5493,156.4084507,1200000,378,5853,50654.23450264545,55734
Bza5pGtnJC3,270,1562083277,1,142113.7921,432.5742574,32200000,84,11000,122081.87514303759,120109
Bx7k3OoJJQ7,69,1558884712,0,12089.07576,246.2727273,523000,367,2926,8467.919079525407,5494
BsOvyhbBh0K,3,1546643073,6,797.5463917999999,5.639175258,24100,47,5919,776.8528055555547,704
BTodchRhI8k,77,1493818779,0,12723.64151,96.37735849,255000,510,390,7258.621392075511,5842
BzXJfqpHHjA,735,1561957371,0,145558.0222,820.1777778,16900000,34,3472,178125.37487016994,211697
BjZ-FfmnBgU,1892,1527692314,0,167480.1724,1239.413793,4100000,737,543,261006.12326817785,272704
ByxbnAaBm1Y,89,1560691800,0,29860.216780000002,158.5524476,2300000,252,4444,18139.932113656403,18719
ByP_Fy_lsA1,9430,1559569551,0,2195490.222,10989.38889,149000000,289,4363,1764334.5294825821,1415973
ByaqVoRj4qk,144,1559927770,0,33113.2973,232.70270269999997,7300000,2030,7219,24214.398886203297,33683
BuogAJiFJbR,10,1551802178,0,1818.3793100000003,49.17241379,67800,85,873,736.9390211640211,482
BobffWCl48e,6511,1538480800,0,1948637.9230000002,8231.641026000001,51300000,28,162,1533959.21976908,2507202
Bw3kgcVAxww,32,1556602824,0,35988.464289999996,682.9642857000001,932000,6,1983,26758.12866975308,38230
BbjdKYSDnIq,24,1510830728,0,13780.715909999999,70.625,144000,25,149,4053.540295414464,3199
ByRo8mfHdbu,48,1559625050,0,15006.362319999998,84.01449275,523000,200,1174,12612.198087562128,14515
Brily1BB3qq,1,1545161437,6,797.5463917999999,5.639175258,24100,47,5919,621.8909545855383,929
BqO_0KThUk_,37,1542356507,0,13780.715909999999,70.625,144000,25,149,8985.688251984117,9946
BtJ2wohhUWD,339,1548626439,0,14122.81395,232.627907,497000,280,2961,17164.209707451486,17530
BrvAvFXh_tZ,95,1545578216,0,1695.557692,91.44230769,100000,1397,1558,2029.3404515792859,1251
Bun4f9-AXi6,675,1551781467,0,1948637.9230000002,8231.641026000001,51300000,28,162,1160184.6829444452,965937
BzKZ7Echh4N,275,1561529776,1,8301.492647,33.51470588,230000,4,2791,10001.426725970012,8194
BoP9fpylrfd,120,1538093878,0,4137.395349,85.95348837,151000,673,877,4700.53366578483,5149
BpuycFmF0aK,54,1541275753,0,1818.3793100000003,49.17241379,67800,85,873,1699.57657319224,2427
BzD1nQ8hM8o,6029,1561309413,0,177892.3871,6920.725806,13800000,2,11400,219938.19719925473,200142
BsTJiVVFCnP,512,1546790789,0,5610.870588000001,303.90588239999994,161000,477,413,7916.224979649984,7392
BqsP09QA7FA,79,1543337981,0,4137.395349,85.95348837,151000,673,877,4880.354709515788,3926
BW6uyBvgVUL,99,1500874299,0,14070.36066,98.63114754,351000,8,372,10483.329967372143,9563
BzNYXxTHCxh,713,1561629626,1,142113.7921,432.5742574,32200000,84,11000,161330.66576036141,186056
BvEibz4hwi0,23,1552742977,0,13780.715909999999,70.625,144000,25,149,6647.252045194002,7671
Bq7s7OnF0Ib,361,1543856553,0,5610.870588000001,303.90588239999994,161000,477,413,7269.533883918545,8925
BpeuRnXBqYv,65,1540736699,0,1695.557692,91.44230769,100000,1397,1558,1325.8131979717818,1524
Bx7XBZRi-ob,74,1558877455,0,4137.395349,85.95348837,151000,673,877,4466.90138558201,4751
ByRW9w1BJiu,89,1559615623,0,29860.216780000002,158.5524476,2300000,252,4444,17774.764381613757,19051
Byw2zVsFk5D,170,1560672502,1,38139.40741,215.80246910000002,405000,1,154,53744.624611331485,62467
Brl0c4PHqx-,188,1545269785,0,14535.140630000002,281.5625,554000,538,2268,9782.59529335017,11672
BwaBgiJHy4P,4192,1555611396,0,443644.5,3271.2,57700000,89,1410,478702.39022839436,672230
Bb6WQ-IhMTW,13,1511598864,0,12723.64151,96.37735849,255000,510,390,5306.691864838866,6152
By451A6JX0J,186,1560942524,1,142113.7921,432.5742574,32200000,84,11000,87370.22890656571,69569
Bp-mxA0BSyJ,39,1541806504,0,1231.851852,35.7037037,104000,416,1282,1407.7486774691358,1826
BwnMQaVF5Xe,225,1556053239,0,14122.81395,232.627907,497000,280,2961,14558.256893157788,12137
By6B4GTH5BY,8,1560980298,0,51538.2381,371.6666667,1100000,28,3745,8985.896558641984,8714
BzEsisAgsnD,255,1561338211,0,142113.7921,432.5742574,32200000,84,11000,108104.53011333563,100271
BzA1NUUFDQs,254,1561208537,0,142113.7921,432.5742574,32200000,84,11000,107072.08996362431,79221
BuPuiB9HW78,147,1550970935,0,14535.140630000002,281.5625,554000,538,2268,9854.624080026466,7793
Bu4LKdgHaaZ,4849,1552328124,0,1236380.8329999999,21022.94444,104000000,1307,5957,1030062.799508462,219002
Bu7LlgSBpTo,3,1552429008,6,797.5463917999999,5.639175258,24100,47,5919,432.2381382275133,299
ByIdRezHgTC,116,1559316940,0,11049.19608,202.4313725,296000,12,2095,10112.944637345665,2561
BuhamnvBfG_,2,1551564467,6,797.5463917999999,5.639175258,24100,47,5919,427.3051920194003,446
BpcBVUxnVY-,1,1540646027,1,847.3389831000001,17.61016949,229000,1437,2176,547.4852244668914,825
Bxpoe27nOJu,170065,1558282629,0,5052432.556,74034.33333,140000000,126,6002,6576043.606265132,5620496
By8EkRsAK8y,3,1561048817,0,3467.3076920000003,12.5,100000,23,446,2184.783412257496,2275
By9oXTVA5r0,657,1561101140,1,44377.269660000005,238.73033709999999,380000,95,935,70140.71839880955,72556
BwUCG3onxGR,95,1555410383,3,21807.82292,571.4895832999999,592000,2,1295,20861.226541666645,25417
BirhWboleYE,112,1526133745,0,4554.302326,104.51162790000001,215000,880,1909,4031.22243855219,3983
By8Qc7ghY48,171,1561055049,0,29860.216780000002,158.5524476,2300000,252,4444,35657.75087852729,38197
BtSjixXA6TM,189,1548918354,3,44377.269660000005,238.73033709999999,380000,95,935,40913.050134700134,43575
Bys5u8Phmf9,95,1560539821,0,29860.216780000002,158.5524476,2300000,252,4444,18787.266451619336,21615
BvV2M1JF8-d,702,1553323766,0,53035.26667,803.4,2100000,382,1392,76024.93096546808,91587
BwPfgL-AoCy,28,1555258023,1,35988.464289999996,682.9642857000001,932000,6,1983,25198.638004629658,24732
Bw80O1kHpX2,71,1556778840,1,3162.857143,374.6714286,266000,702,3295,2333.388714506175,3399
BnEYdoiHpIi,42,1535557880,0,1199.944444,11.33333333,16700,67,436,2255.7627118606683,600
BucLfSmhCi-,3,1551388770,6,797.5463917999999,5.639175258,24100,47,5919,462.9788370811288,274
BkNXL7dnMDs,87,1529416750,0,4554.302326,104.51162790000001,215000,880,1909,3902.1524680335115,3390
BxY8JX9HwNA,22,1557722514,1,8873.935252,19.20863309,162000,810,1164,8814.067561788512,10084
BsZAzSIBMFr,7,1546987536,6,797.5463917999999,5.639175258,24100,47,5919,1009.0929104337033,576
ByGBHHqhwsv,138,1559235066,0,29860.216780000002,158.5524476,2300000,252,4444,26763.05148126105,27424
ByLO0mWIAb2,29981,1559410027,0,5592920.857000001,42311.285710000004,175000000,437,2590,4289480.855881387,5169967
BvozGspFUHI,338,1553959677,0,53035.26667,803.4,2100000,382,1392,39349.85372731286,33897
BuvNW5xHeh4,31,1552027284,0,15006.362319999998,84.01449275,523000,200,1174,7753.343774029994,5973
BpPQL1uDYuh,69,1540217606,0,1695.557692,91.44230769,100000,1397,1558,1294.4716051587309,1244
BxRbK7AgAR3,50,1557470344,0,7404.478992,48.57983193,410000,983,3337,7434.978396745227,8838
BynRbMyiJfa,220,1560350916,0,5610.870588000001,303.90588239999994,161000,477,413,4364.80818474427,3960
Bni5ayOlYzI,676,1536581791,0,74380.85345,897.4137931,498000,434,492,74894.29176903957,60950
Bx2rnmYnBAm,52,1558720482,0,21807.82292,571.4895832999999,592000,2,1295,18657.606313993096,14440
BtwdyTrnp08,16691,1549921968,0,1236380.8329999999,21022.94444,104000000,1307,5957,1217276.7385070547,570365
BtOchW4BR8F,117,1548780454,0,2408.0740739999997,98.25925926,178000,2997,4908,2649.7907407407424,1769
ByUHeMvnpdY,14,1559708163,1,8873.935252,19.20863309,162000,810,1164,8881.873019781144,10853
BuHF5ItlEhT,254,1550681193,0,5610.870588000001,303.90588239999994,161000,477,413,5145.858495370366,4854
BzE36vvH5Yn,22,1561344176,1,8873.935252,19.20863309,162000,810,1164,10550.124914261658,15980
Bx2CPlDnsGG,185,1558698789,0,19895.5493,156.4084507,1200000,378,5853,26747.384946208116,23291
BzXu-pWAh4d,59,1561977023,0,11750.42424,131.8787879,97800,15,1269,10820.58831591712,7931
BxnS7Avixh6,177,1558204217,4,3162.857143,374.6714286,266000,702,3295,3278.7775524691356,4424
BwzZ1mWhdcc,1034,1556463012,1,74380.85345,897.4137931,498000,434,492,81388.6636816578,92272
ByYcc6-HHrx,515,1559853380,0,51538.2381,371.6666667,1100000,28,3745,56576.25201763663,67369
Bza3QizhmaH,64,1562082027,0,29860.216780000002,158.5524476,2300000,252,4444,16003.819502645507,14985
Bzj5uXqBMl9,4,1562385310,1,8301.492647,33.51470588,230000,4,2791,5871.110576639413,2293
BzgsWC3FnJg,271,1562277632,0,142113.7921,432.5742574,32200000,84,11000,123863.80454453254,101132
BzEsrROHCpV,850,1561338282,0,145558.0222,820.1777778,16900000,34,3472,156005.56704585522,226250
BtbGyo6H92w,167,1549205269,0,15006.362319999998,84.01449275,523000,200,1174,35752.36174801592,21561
BkiLZE6nLdM,101,1530115209,0,4554.302326,104.51162790000001,215000,880,1909,3825.586988536158,4175
Bqm6nXfF-gJ,40,1543159088,0,12723.64151,96.37735849,255000,510,390,8673.23327469135,17182
Bt2ReihAxEa,36,1550116841,0,15462.40426,124.04255320000001,102000,272,582,10119.092019400334,6630
ByqHGfCl0K7,152,1560446166,0,33113.2973,232.70270269999997,7300000,2030,7219,25940.28452182536,32881
BxzFkx5g1o6,281,1558599872,1,44377.269660000005,238.73033709999999,380000,95,935,52013.0877414823,46570
Bsjw7jQnDjM,203,1547348314,0,14535.140630000002,281.5625,554000,538,2268,12313.168140432097,12972
BxOQe8Ghg1z,34,1557364078,0,1231.851852,35.7037037,104000,416,1282,1199.6296183862428,1216
BpcBZfYHg3B,4,1540646061,1,847.3389831000001,17.61016949,229000,1437,2176,586.4413758818342,646
BynShgciQ6f,105,1560351492,0,4137.395349,85.95348837,151000,673,877,4415.135463183423,5322
BzALvo7glFL,381,1561186798,1,44377.269660000005,238.73033709999999,380000,95,935,60621.29178731764,53550
ByX0_Zih_IF,245,1559832691,0,29860.216780000002,158.5524476,2300000,252,4444,44705.182963403895,48691
Bkm4iuxFmTw,88,1530273099,0,4137.395349,85.95348837,151000,673,877,4393.253650713476,3950
BxRUnIigo-o,187,1557466905,0,44377.269660000005,238.73033709999999,380000,95,935,42606.06676895952,29527
BhwgmtIljFQ,119,1524153642,0,4554.302326,104.51162790000001,215000,880,1909,4722.811219356265,4127
Bt_8jQfBW7i,3,1550441414,6,797.5463917999999,5.639175258,24100,47,5919,555.1525705467365,422
BzgC2ZenF89,1796,1562255877,0,145558.0222,820.1777778,16900000,34,3472,275097.3690153116,237232
ByvXDmnhnO2,164,1560622304,0,29860.216780000002,158.5524476,2300000,252,4444,33292.67091999355,31411
BxkY2Tdnpie,69,1558106661,0,11049.19608,202.4313725,296000,12,2095,10362.401210758379,12258
BeZc-pbAi3t,93,1516937538,0,14070.36066,98.63114754,351000,8,372,14985.885215207629,13291
BxX0xdIH8Ko,52,1557685093,0,19895.5493,156.4084507,1200000,378,5853,9463.1026351411,10760
BzBIjzkHWD-,104,1561218683,0,15006.362319999998,84.01449275,523000,200,1174,22364.944285634123,16847
Bxzk78zntoz,6,1558616315,0,7404.478992,48.57983193,410000,983,3337,4638.840385361547,3761
ByMXUISHcEQ,18,1559448034,1,8873.935252,19.20863309,162000,810,1164,8618.575686608143,10101
BxzSYGNpcMW,711,1558606584,0,53035.26667,803.4,2100000,382,1392,73683.1186148989,60870
BoHAn8ZFpPe,826,1537793529,0,74380.85345,897.4137931,498000,434,492,74047.99061716368,70344
Bxp-4Fbn0Bj,141,1558294370,0,51538.2381,371.6666667,1100000,28,3745,38602.46799581137,45005
BxmmDpAHdJ7,10,1558180695,0,7404.478992,48.57983193,410000,983,3337,6513.518710758373,5398
Bl-rhJmgzrf,71184,1533219060,0,5096210.235,54708.0,153000000,61,1498,6943210.073005731,8142220
BuU8UcEnjRH,123,1551145936,0,15006.362319999998,84.01449275,523000,200,1174,22681.481234507744,15597
BxEZqxdgGNl,3272,1557033349,0,35988.464289999996,682.9642857000001,932000,6,1983,83863.34047368525,82546
BuxzKRSlV5-,357,1552114212,0,53035.26667,803.4,2100000,382,1392,41631.890792769045,47239
Bx2UVlwlIzp,115,1558708275,0,4314.2,158.8,395000,24,279,4711.47062411817,3904
Bth-s3Ag1tD,112,1549435908,1,44377.269660000005,238.73033709999999,380000,95,935,30320.171195546696,28978
BjMN-oQBPgC,593,1527230884,0,38139.40741,215.80246910000002,405000,1,154,70298.98787257494,57971
By5km-5lHVl,5415,1560964953,0,2195490.222,10989.38889,149000000,289,4363,1184762.2219724413,1909342
BxkWfnNhHCg,5,1558105426,1,8301.492647,33.51470588,230000,4,2791,5252.999861331567,4857
ByCaL0OggtC,222,1559113994,0,44377.269660000005,238.73033709999999,380000,95,935,47423.83527312807,48373
Bxf8mFCl_3F,165,1557957630,0,14122.81395,232.627907,497000,280,2961,12384.54151300705,12738
By_ahEEB29d,12638,1561160989,0,177892.3871,6920.725806,13800000,2,11400,229356.38696286269,160108
BwHlSHKBwEX,55,1554992618,1,8301.492647,33.51470588,230000,4,2791,14275.636409171075,13199
By6b4tDhZ7B,274,1560993934,0,29860.216780000002,158.5524476,2300000,252,4444,44877.39820282183,41907
BjX9JluBOps,90,1527624714,0,4137.395349,85.95348837,151000,673,877,4270.822118967448,3693
BySFFmiFEoQ,135,1559639804,1,4314.2,158.8,395000,24,279,4810.856439153443,3854
Bs3X72aHnXj,26,1548006298,0,15006.362319999998,84.01449275,523000,200,1174,5666.435595598846,13119
BxfUobilaWt,19,1557936678,0,910.0136986,38.60273973,97900,450,2522,755.8095508657997,538
BxEFQFcjgyK,370,1557022644,0,4314.2,158.8,395000,24,279,6139.179517756931,8725
ByAtsfmJJ2w,149,1559057115,0,12089.07576,246.2727273,523000,367,2926,11718.605845959606,11747
BqJBNhyBaB1,153,1542155913,0,38139.40741,215.80246910000002,405000,1,154,43370.10144135805,61332
ByHYAexH1x_,60,1559280625,0,14070.36066,98.63114754,351000,8,372,20783.62002032226,25191
BppYLqKnNZ2,19,1541094214,1,847.3389831000001,17.61016949,229000,1437,2176,1029.3967242063482,742
Bv5-v0IgmQb,87,1554536206,3,44377.269660000005,238.73033709999999,380000,95,935,28324.228507275133,29799
BkIliEznz4k,740,1529256499,0,167480.1724,1239.413793,4100000,737,543,142637.82252491207,139853
